ID,First Name,Last Name,Email,Phone,Course,Status,Source,Created Date
8,Pinky,,pinky@gmail.com,90000990009,b-tech,new,website,11/13/2025
7,Vishnu,Reddyy,vishnu@akidi.com,9700114242,business-administration,new,website,11/13/2025
6,Anusha,Reddy,anu@gmail.com,8179697059,computer-science,new,website,11/13/2025
5,Test,User,test@example.com,555-9999,Engineering,new,website,11/13/2025
4,John,Doe,john.doe@example.com,555-1234,Computer Science,new,website,11/13/2025
3,Madhukar,Reddy,madhu@gmail.com,9948054840,computer-science,new,website,11/13/2025
2,Nithin ,Rao,nithin@gmail.com,9381198067,management,contacted,website,11/13/2025
1,Madhukar ,Reddy,madhusnv03@gmail.com,99458054840,engineering,new,website,11/13/2025